"id","risk_level","title","message","tags","target_categories","source","source_url","semantic_context"
"1","baixo","Prevenção Semanal na Residência","Reserve dez minutos toda semana para inspecionar seu quintal. Tampe reservatórios de água, limpe os pratos de vasos e elimine pequenos recipientes que possam acumular água da chuva. A prevenção doméstica é a barreira mais eficaz contra a proliferação do Aedes aegypti.","água parada; mosquito; criadouro; inspeção domiciliar","Mosquito","Ministério da Saúde","https://www.gov.br/saude/pt-br/assuntos/saude-de-a-a-z/d/dengue","Nível de risco baixo em área residencial consolidada de classe média. Presença pontual de vasos de plantas e pratos com água sem larvas visíveis. Abastecimento de água regular e coleta de lixo eficiente. Período seco com baixas precipitações. Moradores colaborativos, mas que necessitam de lembretes periódicos para manutenção da rotina de inspeção sanitária domiciliar."
"2","baixo","Vistoria de Calhas no Condomínio","Verifique o escoamento das calhas do condomínio antes do período chuvoso. Folhas acumuladas podem obstruir a passagem da água e criar pontos ocultos de reprodução do vetor. Solicite à equipe de manutenção a limpeza periódica e a aplicação de telas protetoras nos ralos externos.","calhas; condomínio; manutenção; escoamento","Mosquito; Vegetação alta","Secretaria Municipal de Saúde","https://www.gov.br/saude/pt-br","Cenário de risco baixo em condomínio residencial horizontal. Abundante vegetação ornamental de porte médio próximo aos telhados. Calhas com pequenos depósitos de folhas secas sem acúmulo prolongado de água. Clima ameno com chuvas esparsas. A infraestrutura predial é boa, exigindo apenas manejo preventivo para evitar a formação de criadouros no dossel da vegetação."
"3","baixo","Cuidados em Escolas Infantis","Promova atividades educativas com os alunos sobre o ciclo de vida do mosquito. Inspecione semanalmente calhas, caixas d'água e brinquedos do parque infantil que possam reter água. Envolver as crianças na vigilância ambiental fortalece os hábitos de prevenção na comunidade escolar.","escola; educação; criadouro; crianças","Mosquito","Fiocruz","https://www.fiocruz.br","Ambiente escolar de risco baixo localizado em bairro urbanizado. Presença de brinquedos plásticos no pátio descoberto e pequenos pratos de plantas. Água tratada e saneamento completo. Temperatura moderada. A justificativa epidemiológica baseia-se no engajamento pedagógico precoce para impedir a instalação de focos em áreas de alta densidade de crianças."
"4","baixo","Organização de Pneus na Borracharia","Mantenha pneus velhos ou armazenados sob cobertura e totalmente secos. Caso fiquem ao ar livre, fure-os ou preencha-os com areia. Borracharias são pontos estratégicos de vigilância e exigem atenção contínua para evitar a postura de ovos do Aedes aegypti.","pneus; borracharia; reciclagem; descarte","Mosquito; Entulho","Vigilância em Saúde","https://www.gov.br/saude/pt-br","Comércio de borracharia em área urbana comercial consolidada. Risco baixo devido ao armazenamento de pneus sob galpão coberto. Pequeno acúmulo pontual de peças expostas temporariamente na calçada. Clima seco. A atividade do estabelecimento apresenta potencial para criação de vetores caso ocorra infiltração de água, justificando a monitorização constante."
"5","baixo","Descarte Adequado de Lixo em Feiras","Feirantes e comerciantes devem descartar restos de embalagens e resíduos orgânicos nos contêineres indicados ao final do expediente. Evite deixar plásticos e copos descartáveis nas calçadas, pois podem acumular água limpa e servir de foco para o Aedes.","feira livre; resíduos; limpeza urbana; plásticos","Lixo; Mosquito","Secretaria Estadual de Saúde","https://www.saude.sp.gov.br","Espaço público de feira livre em centro urbano de médio porte. Risco baixo. Varrição municipal eficiente realizada imediatamente após o encerramento do evento. Pequena quantidade de embalagens plásticas caídas no solo sem água acumulada. Tempo ensolarado. A vigilância atua no reforço comportamental dos feirantes para manutenção do ambiente limpo."
"6","baixo","Proteção de Reservatórios em Áreas Rurais","Em propriedades rurais, cubra completamente tambores, cisternas e tanques de captação de água com tampas herméticas ou telas finas. A vedação correta impede que a fêmea do mosquito deposite ovos, garantindo a segurança hídrica da família sem riscos à saúde pública.","zona rural; cisterna; reservatório; vedação","Mosquito","Organização Mundial da Saúde","https://www.who.int","Zona rural de risco baixo com residências dispersas. Uso de cisternas para captação de água da chuva bem conservadas e com telas em bom estado. Presença de vegetação nativa ao redor. Período estival com chuvas ocasionais. A justificativa fundamenta-se na manutenção da barreira física para impedir o estabelecimento do vetor em áreas com menor cobertura sanitária."
"7","baixo","Manutenção de Pratos de Plantas em Praças","Em praças públicas, priorize o uso de areia fina até a borda nos pratos de vasos ornamentais. Plantas que acumulam água na base, como bromélias, devem receber jatos de água limpa semanalmente ou aplicação de larvicida biológico supervisionado pela vigilância municipal.","praça; bromélias; vasos; paisagismo","Mosquito; Vegetação alta","Secretaria Municipal de Saúde","https://www.gov.br/saude/pt-br","Praça pública central bem mantida, risco baixo. Abundante vegetação ornamental incluindo bromélias de pequeno porte. Presença de equipe de jardinagem municipal com rotina de manutenção quinzenal. Clima temperado. Necessidade de atenção às plantas fitotelmata para evitar o surgimento de microbiótopos favoráveis à oviposição em espaços de alto fluxo de pessoas."
"8","baixo","Inspeção em Unidades Básicas de Saúde","Unidades de saúde devem manter suas instalações livres de criadouros. Verifique semanalmente calhas, reservatórios de ar-condicionado e recipientes no pátio interno. O ambiente de atendimento médico deve ser exemplo de vigilância sanitária e proteção contra arboviroses.","posto de saúde; vigilância; ar-condicionado; prevenção","Mosquito","Ministério da Saúde","https://www.gov.br/saude/pt-br/assuntos/saude-de-a-a-z/d/dengue","Entorno e pátio interno de Unidade Básica de Saúde. Risco baixo. Estrutura física bem conservada, presença de bandeja de condensado em aparelhos de ar-condicionado sem acúmulo de água estagnada. Clima seco. Ações preventivas no local são cruciais para evitar a exposição de pacientes vulneráveis e manter o padrão de referência em vigilância."
"9","baixo","Monitoramento de Lotes sem Edificação","Proprietários de terrenos baldios limpos devem realizar vistorias mensais para impedir o descarte irregular de lixo por terceiros. O cercamento e a manutenção do solo capinado reduzem drasticamente as chances de surgimento de microfocos de mosquitos da dengue.","terreno baldio; limpeza; fiscalização; loteamento","Vegetação alta; Entulho","Vigilância em Saúde","https://www.gov.br/saude/pt-br","Lote vago em bairro residencial com infraestrutura completa. Risco baixo. Vegetação rasteira mantida curta e ausência de resíduos sólidos urbanos depositados. Solo com boa drenagem natural. Tempo seco. A vigilância preventiva visa desencorajar o descarte clandestino de inservíveis que possam servir de receptáculo de água."
"10","baixo","Vedação de Caixas d'Água em Prédios","Garanta que a tampa da caixa d'água do edifício esteja perfeitamente vedada, sem frestas ou rachaduras. Realize a limpeza semestral do reservatório com equipe especializada. Caixas d'água bem fechadas eliminam um dos maiores potenciais criadouros urbanos de mosquitos.","caixa d'água; prédio; vedação; manutenção","Mosquito","Secretaria Estadual de Saúde","https://www.saude.sp.gov.br","Cobertura de condomínio residencial vertical. Risco baixo. Caixas d'água de grande porte com tampas de fibra de vidro íntegras e sem frestas. Ausência de focos no reservatório superior. Clima quente e seco. O controle sistemático de grandes reservatórios prediais previne surtos em áreas de alta densidade populacional."
"11","baixo","Drenagem de Ar-Condicionado em Escritórios","Verifique se os pingadeiros de ar-condicionado em edifícios comerciais possuem escoamento direto para a rede de esgoto ou se os recipientes coletores são esvaziados diariamente. O acúmulo de água limpa nesses recipientes cria criadouros perfeitos para arboviroses.","ar-condicionado; escritórios; pingadeira; drenagem","Mosquito","Fiocruz","https://www.fiocruz.br","Edifício comercial no centro urbano, risco baixo. Uso intenso de sistemas de climatização. Presença de pequenas bandejas de coleta externa sem acúmulo significativo por conta de evaporação rápida. Temperatura elevada e baixa umidade. A intervenção foca na adequação dos pontos de drenagem para evitar focos suspensos."
"12","baixo","Higienização de Bebedouros de Animais","Lave com bucha e sabão os recipientes de água dos seus animais de estimação pelo menos uma vez por semana. Apenas trocar a água não elimina os ovos do mosquito, que ficam firmemente aderidos às paredes do recipiente por longos períodos.","pets; bebedouros; limpeza; ovos","Mosquito","Ministério da Saúde","https://www.gov.br/saude/pt-br/assuntos/saude-de-a-a-z/d/dengue","Ambiente doméstico em área urbana com presença de animais de estimação. Risco baixo. Recipientes plásticos de água limpa trocados diariamente. Clima ameno. Risco epidemiológico associado ao descolamento incompleto de ovos aderidos na borda do vaso durante simples enxágue."
"13","baixo","Cuidados em Cemitérios Municipais","Substitua a água dos vasos de flores em cemitérios por areia úmida ou utilize arranjos artificiais sem recipientes coletores. Perfure os vasos fixos para permitir o escoamento imediato das águas pluviais, impedindo a proliferação do Aedes aegypti.","cemitério; vasos; areia; finados","Mosquito","Secretaria Municipal de Saúde","https://www.gov.br/saude/pt-br","Cemitério municipal em área central, risco baixo. Vasos de flores preenchidos com areia até a borda e furos de drenagem desobstruídos. Poucas flores naturais presentes. Clima seco com baixa umidade relativa. Monitoramento constante necessário devido ao histórico estrutural destes locais como potenciais focos amplificados."
"14","baixo","Gestão de Entulho em Pequenas Reformas","Armazene resíduos de construção civil sob lonas impermeáveis e bem esticadas durante reformas residenciais. Evite o acúmulo de sacos de ráfia e baldes no quintal, promovendo o descarte rápido via caçambas credenciadas junto à prefeitura local.","entulho; reforma; caçamba; resíduos","Entulho; Mosquito","Vigilância em Saúde","https://www.gov.br/saude/pt-br","Residência urbana passando por pequena reforma de pintura e revestimento. Risco baixo. Entulho ensacado e armazenado temporariamente em local coberto. Ausência de acúmulo de água em recipientes da obra. Estação seca. A vigilância visa evitar o prolongamento da permanência dos resíduos antes da remoção oficial."
"15","baixo","Vistoria de Garagens Subterrâneas","Inspecione poços de elevadores e poços de sucção em garagens subterrâneas de condomínios. Mantenha as bombas de esgotamento funcionais e aplique telas de proteção nas grelhas de captação de água da chuva para evitar a entrada de mosquitos.","garagem; condomínio; poço; bomba","Mosquito; Alagamento","Secretaria Estadual de Saúde","https://www.saude.sp.gov.br","Subsolo de edifício residencial com garagem coberta. Risco baixo. Sistemas de bombagem operando em ciclo automático sem acúmulo de água residual. Temperatura ameno-fria no subsolo. Ação epidemiológica voltada à garantia do funcionamento preventivo do sistema hidráulico do prédio."
"16","baixo","Limpeza Preventiva de Ralos Externos","Aplique telas milimétricas nos ralos localizados em áreas abertas ou jogue água sanitária semanalmente nos recipientes com fecho hídrico. A medida impede que o Aedes aegypti e outros vetores utilizem a água parada do fundo do ralo para oviposição.","ralos; água sanitária; tela; área externa","Mosquito; Esgoto","Ministério da Saúde","https://www.gov.br/saude/pt-br/assuntos/saude-de-a-a-z/d/dengue","Área externa de imóvel comercial consolidado. Risco baixo. Ralos sifonados com pequeno espelho d'água limpa. Sistema de esgotamento ligado à rede pública. Clima estável. Risco associado à estagnação hídrica em ralos pouco utilizados durante períodos de seca prolongada."
"17","baixo","Descarte do Lixo Doméstico no Horário","Coloque os sacos de lixo na calçada apenas próximo ao horário de coleta do caminhão. Evite que os sacos fiquem expostos a animais que possam rasgá-los, gerando recipientes plásticos espalhados aptos a acumular água da chuva.","lixo doméstico; coleta urbana; limpeza; embalagens","Lixo","Secretaria Municipal de Saúde","https://www.gov.br/saude/pt-br","Bairro residencial planejado com coleta regular de lixo em três dias na semana. Risco baixo. Sacos de lixo bem vedados e posicionados em lixeiras altas. Ausência de resíduos espalhados. Clima ensolarado. Foco no fortalecimento da adesão da comunidade aos horários oficiais do serviço público."
"18","baixo","Manejo de Bambuzais e Bromélias em Parques","Realize o corte rente dos nós de bambus e faça a manutenção fitossanitária de bromélias em parques públicos. Em períodos secos, a inspecção das espécies botânicas impede a formação de focos naturais de mosquitos em áreas de preservação ou lazer.","parque; bromélias; bambu; meio ambiente","Vegetação alta; Mosquito","Organização Mundial da Saúde","https://www.who.int","Parque urbano com mata nativa e trilhas estruturadas. Risco baixo. Bromélias e nós de bambu sem água estagnada visível devido à baixa pluviosidade. Presença de fauna predadora nativa de larvas. Temperatura amena. Avaliação do equilíbrio ecológico com foco na prevenção de surtos silvestres ou periurbanos."
"19","baixo","Armazenamento de Utensílios em Hotéis","Hotéis e pousadas devem manter pratos, copos e bandejas de áreas externas guardados de cabeça para baixo quando fora de uso. Piscinas devem manter o tratamento químico de cloro atualizado mesmo em períodos de baixa ocupação turística.","hotelaria; piscinas; turismo; recipientes","Mosquito","Fiocruz","https://www.fiocruz.br","Estabelecimento hoteleiro em zona praiana comercial. Risco baixo. Piscina tratada com cloração automática e área de lazer limpa sem recipientes expostos. Estação turística baixa, chuvas escassas. Ações focadas na manutenção dos protocolos sanitários em instalações recreativas de grande rotatividade."
"20","baixo","Vistoria de Lajes em Prédios Públicos","Realize inspeções mensais nas lajes de edifícios governamentais. Desobstrua os pontos de escoamento para evitar o surgimento de lâminas d'água acumuladas. O setor público deve manter suas edificações rigorosamente livres de focos transmissores de arboviroses.","prédio público; laje; escoamento; drenagem","Mosquito; Alagamento","Vigilância em Saúde","https://www.gov.br/saude/pt-br","Cobertura plana de prédio administrativo municipal. Risco baixo. Laje impermeabilizada com inclinação adequada e ralo central limpo sem lâmina d'água acumulada. Clima seco. A atividade visa manter o cumprimento rigoroso da legislação de vigilância em instalações governamentais."
"21","baixo","Cuidado com Capotas de Picapes e Veículos","Evite o acúmulo de água nas lonas de cobertura de caçambas de veículos estacionados por longos períodos. Mantenha as lonas bem esticadas ou recolhidas para impedir que formem poças d'água adequadas para a postura de ovos.","veículos; lonas; garagem; transporte","Mosquito","Secretaria Estadual de Saúde","https://www.saude.sp.gov.br","Estacionamento descoberto em pátio fabril. Risco baixo. Veículos comerciais cobertos por lonas plásticas bem tensionadas sem bolsões d'água. Clima seco. Prevenção voltada à orientação de frotistas e proprietários de veículos para evitar microfocos acumulativos sobre lonas flexíveis."
"22","baixo","Sanitização de Caixas de Passagem","Mantenha as caixas de passagem de tubulações de telefonia e energia limpas e secas. A vedação adequada das tampas de concreto impede o acesso do fêmea do Aedes aegypti às superfícies úmidas do subsolo urbano.","infraestrutura; caixas de passagem; fiação; vedação","Mosquito; Esgoto","Ministério da Saúde","https://www.gov.br/saude/pt-br/assuntos/saude-de-a-a-z/d/dengue","Calçadas de via pública central com caixas de inspeção de concessionárias de serviços. Risco baixo. Tampas bem encaixadas e fundo seco. Ausência de acúmulo de águas pluviais ou esgoto subterrâneo. Clima estável. Vigilância voltada à infraestrutura de redes subterrâneas de utilidades."
"23","baixo","Manutenção Preventiva de Fontes Luminosas","Fontes e espelhos d'água em praças públicas ou condomínios devem manter a circulação de água constante ou receber tratamento químico semanal. O movimento da água e o uso de larvicidas impedem o desenvolvimento das larvas.","fonte ornamental; espelho d'água; tratamento; circulação","Mosquito","Secretaria Municipal de Saúde","https://www.gov.br/saude/pt-br","Lobby exterior de centro empresarial com espelho d'água ornamental. Risco baixo. Sistema de bomba mantendo a água em movimentação contínua e filtragem ativa. Tempo limpo. A ausência de estagnação impede o ciclo biológico do vetor em ambientes altamente movimentados."
"24","baixo","Gestão de Resíduos em Restaurantes","Restaurantes e lanchonetes devem descartar latas de conserva e recipientes plásticos em sacos reforçados no ambiente interno até o momento do recolhimento. Jamais acumule embalagens abertas nos fundos do lote expostas ao tempo.","restaurante; resíduos; recicláveis; gastronomia","Lixo; Mosquito","Fiocruz","https://www.fiocruz.br","Área de fundos de restaurante no setor gastronômico urbano. Risco baixo. Recicláveis limpos e armazenados em recipientes fechados aguardando coleta seletiva. Clima seco. Ações direcionadas à manutenção das rotinas de higiene do setor alimentício para evitar atrativos vetoriais."
"25","baixo","Vistoria de Obras Paralisadas de Pequeno Porte","Proprietários de construções paralisadas devem inspecionar a laje e os pavimentos periodicamente para remover focos em baldes ou poças. Cubra os fossos e proteja as áreas que possam reter água durante pancadas de chuva isoladas.","obra paralisada; construção; vistoria; laje","Entulho; Mosquito","Vigilância em Saúde","https://www.gov.br/saude/pt-br","Pequena obra de alvenaria interrompida em área residencial. Risco baixo. Materiais empilhados e cobertores instalados. Laje seca por conta de cobertura provisória de telhas de fibrocimento. Período de estiagem. O monitoramento evita o abandono do local como potencial ponto crítico."
"26","baixo","Adoção de Práticas de Compostagem Segura","Compostagens domésticas devem ser mantidas cobertas e com controle rigoroso de umidade para não gerar acúmulo de líquido livre. O manejo adequado transforma resíduos orgânicos sem criar ambientes favoráveis para mosquitos e pragas urbanas.","compostagem; resíduos orgânicos; sustentabilidade; quintal","Lixo; Vegetação alta","Ministério da Saúde","https://www.gov.br/saude/pt-br/assuntos/saude-de-a-a-z/d/dengue","Residência com horta comunitária e leito de compostagem. Risco baixo. Processo de compostagem bem gerido com matéria seca cobrindo os resíduos umidos sem formação de chorume superficial. Tempo ameno. Vigilância com foco em orientar práticas ecológicas sem riscos sanitários."
"27","baixo","Descarte Consciente de Eletrodomésticos","Encaminhe geladeiras, máquinas de lavar e eletrodomésticos velhos aos Ecopontos do município. Não abandone esses itens em vias públicas ou quintais, onde suas cavidades internas acumulam água e servem de criadouros perfeitos.","ecoponto; eletrodomésticos; inservíveis; reciclagem","Entulho; Mosquito","Secretaria Estadual de Saúde","https://www.saude.sp.gov.br","Bairro residencial com acesso facilitado a Ecopontos municipais. Risco baixo. Ausência de inservíveis descartados em calçadas ou terrenos. População informada e colaborativa. Clima ameno. A intervenção reforça a importância da destinação correta de grandes resíduos sólidos."
"28","baixo","Limpeza de Canaletas de Drenagem Predial","Limpe semanalmente as canaletas de escoamento de água da chuva nos corredores laterais das residências. Remova terra e folhas que retardam o fluxo da água, garantindo secagem rápida após qualquer precipitação pluviométrica.","canaleta; drenagem; quintal; escoamento","Mosquito; Alagamento","Secretaria Municipal de Saúde","https://www.gov.br/saude/pt-br","Corredor lateral de casa térrea consolidada. Risco baixo. Canaleta de cimento limpa sem deposição de sedimentos ou folhagem. Fluxo hídrico totalmente livre. Estação seca. A medida assegura a pronta evacuação de água em eventos chuvosos inesperados."
"29","baixo","Manejo de Coberturas em Quadras Esportivas","Mantenha as calhas e coberturas plásticas de quadras esportivas comunitárias esticadas e desobstruídas. A verificação constante evita o represamento de água e protege os frequentadores do local contra doenças transmitidas por mosquitos.","esporte; quadra; calhas; lazer","Mosquito","Fiocruz","https://www.fiocruz.br","Complexo esportivo comunitário em área urbana. Risco baixo. Lona de cobertura de arquibancada bem tensionada e calhas limpas. Ausência de recipientes plásticos no entorno da quadra. Tempo seco. Ação focada no espaço coletivo para garantia de ambiente seguro às práticas esportivas."
"30","baixo","Vedação de Cisternas de Água de Chuva","Certifique-se de que o filtro de entrada e o extravasor (ladrão) da sua cisterna possuam telas de malha fina contra insetos. A captação sustentável de água deve andar junto com o controle rigoroso do vetor da dengue.","cisterna; água de chuva; sustentabilidade; tela","Mosquito","Organização Mundial da Saúde","https://www.who.int","Residência equipada com sistema de aproveitamento de águas pluviais. Risco baixo. Reservatórios perfeitamente vedados com malha de aço inoxidável nos pontos de respiração e entrada. Clima estável. Foco na manutenção da segurança sanitária de tecnologias ecológicas residenciais."
"31","baixo","Inspeção em Garagens de Empresas de Ônibus","Empresas de transporte público devem armazenar pneus de frotas e peças de reposição em locais cobertos e protegidos das chuvas. Lave periodicamente os pátios garantindo o correto escoamento até a rede de drenagem pluvial.","ônibus; frota; pneus; garagem industrial","Mosquito; Entulho","Vigilância em Saúde","https://www.gov.br/saude/pt-br","Garagem industrial de empresa de transporte rodoviário urbano. Risco baixo. Pneus de substituição estocados dentro de galpão fechado. Pátio asfaltado e inclinado para canaletas operacionais. Clima seco. Fiscalização preventiva do setor corporativo industrial de grande porte."
"32","baixo","Proteção de Vasos Sanitários Pouco Usados","Mantenha a tampa fechada ou aplique filme plástico em vasos sanitários de imóveis desocupados ou pouco utilizados. Colocar sabão em pó ou água sanitária no sifão reduz as chances de criação do mosquito em locais fechados.","imóvel fechado; vaso sanitário; sifão; prevenção","Mosquito","Secretaria Municipal de Saúde","https://www.gov.br/saude/pt-br","Apartamento desocupado disponível para locação em edifício central. Risco baixo. Tampas de sanitários vedadas com filme plástico e ralo com fecho ajustado. Sem sinais de umidade ou focos. A medida previne que imóveis desabitados se tornem focos silenciosos na malha urbana."
"33","baixo","Uso Repelentes e Telas nas Janelas","Instale telas de proteção em janelas e portas para criar uma barreira física contra a entrada de mosquitos. O uso diário de repelentes registrados na Anvisa complementa a proteção individual nos momentos de maior atividade do vetor.","repelente; tela mosquiteira; proteção individual; residência","Mosquito","Ministério da Saúde","https://www.gov.br/saude/pt-br/assuntos/saude-de-a-a-z/d/dengue","Área residencial periurbana próxima a fragmentos florestais. Risco baixo. Janelas equipadas com telas mosquiteiras em bom estado. Hábitos de proteção individual adotados pela família. Clima ameno. Abordagem de proteção secundária e barreira física mecânica."
"34","baixo","Monitoramento de Floreiras em Varandas","Inspecione semanalmente as floreiras e jardineiras suspensas em varandas de edifícios. Evite o uso de pratos coletores ou assegure-se de que estejam preenchidos com areia lavada para impedir o acúmulo de água de rega.","varanda; floreira; jardim suspenso; prédios","Mosquito; Vegetação alta","Secretaria Estadual de Saúde","https://www.saude.sp.gov.br","Varandas de edifício residencial de classe alta. Risco baixo. Pratos de plantas com areia úmida sem lâmina de água livre. Vegetação ornamental bem cuidada. Temperatura amena. Orientação para evitar a criação de microfocos verticais em edifícios de múltiplos andares."
"35","baixo","Manejo de Resíduos em Hortas Urbanas","Mantenha os baldes de rega e regadores mantidos de cabeça para baixo nas hortas comunitárias após o uso. Embalagens de adubo e mudas devem ser descartadas em recipientes fechados para impedir o acúmulo de água pluvial.","horta comunitária; regador; plantio; agricultor urbano","Mosquito; Vegetação alta","Fiocruz","https://www.fiocruz.br","Horta comunitária em terreno público de bairro consolidado. Risco baixo. Utensílios de irrigação guardados secos em abrigo coberto. Canteiros limpos e bem manejados. Clima ensolarado. Ação de incentivo à continuidade das boas práticas agrícolas urbanas."
"36","baixo","Inspeção em Depósitos de Recicláveis Organizados","Cooperativas de reciclagem devem manter a triagem atualizada e os materiais enfardados em galpões cobertos. O armazenamento correto previne a formação de focos no material estocado e valoriza o trabalho dos catadores com segurança sanitária.","reciclagem; catadores; resíduos; galpão","Lixo; Mosquito","Vigilância em Saúde","https://www.gov.br/saude/pt-br","Galpão de cooperativa de catadores de materiais recicláveis. Risco baixo. Fardos de plástico e alumínio estocados sob estrutura coberta e sobre paletes. Ausência de umidade interna. Tempo seco. Acompanhamento sanitário de atividades da economia circular."
"37","baixo","Limpeza de Bandejas de Evaporação de Geladeiras","Higienize a bandeja de evaporação de água localizada na parte traseira da sua geladeira a cada seis meses. Embora o calor do compressor ajude a evaporar a água, o acúmulo de sujeira pode retê-la por tempo suficiente para atração de vetores.","geladeira; eletrodomésticos; manutenção doméstica; cozinha","Mosquito","Ministério da Saúde","https://www.gov.br/saude/pt-br/assuntos/saude-de-a-a-z/d/dengue","Ambiente interno da cozinha residencial. Risco baixo. Equipamentos eletrodomésticos modernos com evaporadores operando perfeitamente e sem resíduos orgânicos acumulados. Temperatura interna amena. Prevenção voltada para pontos cegos na inspeção doméstica diária."
"38","baixo","Manutenção de Barcos e Embarcações Pequenas","Mantenha pequenas embarcações, barcos de pesca e canoas virados de cabeça para baixo ou cobertos por lonas bem esticadas fora da água. Verifique se o bujão de escoamento do casco está aberto para evitar o acúmulo de chuva.","embarcações; pescaria; litoral; água parada","Mosquito","Secretaria Municipal de Saúde","https://www.gov.br/saude/pt-br","Comunidade pesqueira em área litorânea protegida. Risco baixo. Pequenos barcos de alumínio armazenados secos em área coberta no deque. Estação seca com ventos moderados. Orientação voltada às comunidades tradicionais e de turismo náutico."
"39","baixo","Descarte de Potes de Comida para Animais de Rua","Retire e descarte potes plásticos e recipientes improvisados colocados na rua para alimentar animais abandonados após o uso. A intenção de cuidado não pode resultar em potenciais focos do mosquito após o período de chuvas.","animais de rua; recipientes; limpeza; voluntariado","Lixo; Mosquito","Secretaria Estadual de Saúde","https://www.saude.sp.gov.br","Via pública residencial com atuação de protetores de animais. Risco baixo. Recipientes plásticos mantidos recolhidos ou sob abrigos impermeáveis. Tempo seco. Alinhamento de ações de bem-estar animal com a vigilância epidemiológica municipal."
"40","baixo","Vistoria em Obras de Infraestrutura Viária","Empresas de engenharia devem manter poços de drenagem temporários e manilhas estocadas na horizontal para evitar o represamento de água da chuva. O canteiro de obras viárias deve possuir plano de controle de pragas ativo.","construção civil; rodovia; tubulação; canteiro de obras","Entulho; Alagamento","Organização Mundial da Saúde","https://www.who.int","Canteiro de obras de ampliação viária urbana. Risco baixo. Tubulações de concreto estocadas de forma a não reter líquidos e canaletas provisórias funcionais. Clima seco. Acompanhamento de infraestruturas públicas em grande escala."
"41","médio","Limpeza de Calhas Entupidas no Outono","Inspecione e limpe as calhas do seu imóvel com urgência. O acúmulo de folhas misturado com as primeiras chuvas pode reter grandes volumes de água em locais elevados, tornando-se o ambiente ideal para a reprodução massiva do mosquito Aedes aegypti.","calhas; folhas; chuva; limpeza","Mosquito; Vegetação alta","Ministério da Saúde","https://www.gov.br/saude/pt-br/assuntos/saude-de-a-a-z/d/dengue","Bairro residencial antigo com arborização urbana densa nas calçadas. Risco médio. Calhas de residências apresentando lento escoamento de água após pancadas de chuva de verão, devido ao acúmulo de matéria orgânica vegetal caída das árvores. Temperatura elevada e umidade relativa média. Justifica-se a intervenção para evitar que focos elevados passem despercebidos durante as inspeções de rotina no solo."
"42","médio","Atenção a Lixões Clandestinos em Terrenos","Evite descartar resíduos sólidos em terrenos baldios. A combinação de embalagens plásticas, sacos abertos e pequenas poças d'água cria múltiplos criadouros em uma única área. Denuncie o descarte irregular à prefeitura e proteja seu bairro contra a dengue.","terreno baldio; lixo irregular; denúncia; bairro","Lixo; Mosquito","Secretaria Municipal de Saúde","https://www.gov.br/saude/pt-br","Terreno não edificado na periferia urbana com vegetação rasteira e acúmulo de lixo doméstico descartado inadequadamente. Risco médio. Presença de garrafas plásticas, sacolas e potes contendo pequenas lâminas d'água de chuva recente. Clima quente. Elevada densidade de moradias no entorno direto amplia o risco de transmissão local de arboviroses."
"43","médio","Descarte de Entulho em Canteiros de Obras","Assegure que restos de construção, como baldes, capacetes velhos e lonas dobradas, sejam recolhidos ou mantidos secos em canteiros de obras. O acúmulo de água limpa nesses recipientes acelera a proliferação do vetor da dengue na vizinhança.","construção; obras; entulho; baldes","Entulho; Mosquito","Fiocruz","https://www.fiocruz.br","Canteiro de obra residencial em andamento próximo a setor comercial. Risco médio. Sacos de cimento vazios, baldes plásticos dispostos a céu aberto acumulando água da chuva recente e restos de alvenaria. Clima abafado com pancadas de chuva ao final da tarde. Risco epidemiológico relacionado à alta rotatividade de trabalhadores expostos na área."
"44","médio","Manejo de Água em Horta Comunitária","Utilize telas de proteção em tambores e barris de armazenamento de água para irrigação de hortas comunitárias. Garanta que recipientes de rega sejam esvaziados após o uso diário para evitar a oviposição do mosquito em áreas de cultivo urbano.","horta; tambores; irrigação; telas","Mosquito; Vegetação alta","Vigilância em Saúde","https://www.gov.br/saude/pt-br","Horta comunitária instalada em terreno urbano público. Risco médio. Presença de tambores abertos para captação e armazenamento de água de rega, apresentando presença de larvas de primeiro estágio do Aedes aegypti. Vegetação de hortaliças densa ao redor. Período chuvoso com alta umidade. A ação rápida evita o surgimento de foco difusor comunitário."
"45","médio","Cuidado com Água Retida em Sucatas","Pátios de apreensão de veículos e ferros-velhos devem aplicar cobertura impermeável sobre carcaças ou mantê-las sob galpões. Veículos acidentados acumulam água em portas, paralamas e motor, constituindo criadouros de difícil acesso para agentes sanitários.","ferro-velho; veículos; sucatas; pátio","Entulho; Mosquito","Secretaria Estadual de Saúde","https://www.saude.sp.gov.br","Pátio de oficina mecânica e depósito de sucatas a céu aberto. Risco médio. Carcaças de veículos desmontados retendo água pluvial no compartimento do motor e em pneus sobressalentes. Clima quente e úmido. Estrutura ambiental complexa com múltiplos microbiótopos que dificultam o tratamento focal mecânico."
"46","médio","Limpeza de Ralos e Grelhas na Praça","Solicite a limpeza preventiva de ralos e grelhas em praças e parques da cidade. O entupimento com folhagem gera retenção de água e esgoto superficial, atraindo mosquitos e prejudicando os momentos de lazer da população no bairro.","praça; ralos; folhagem; parque","Mosquito; Esgoto; Vegetação alta","Secretaria Municipal de Saúde","https://www.gov.br/saude/pt-br","Praça pública de grande circulação com feiras semanais e árvores de grande porte. Risco médio. Grelhas de drenagem obstruídas por folhas e pequenos resíduos plásticos, mantendo água estagnada e turva após precipitações. Clima quente. Necessidade de intervenção integrada entre serviços de varrição e vigilância epidemiológica."
"47","médio","Cuidados com Pratos de Vasos em Condomínios","Substitua a água dos pratos de vasos de plantas por areia até a borda em todas as áreas comuns do condomínio. Bromélias e plantas ornamentais devem receber lavagem periódica das folhas para impedir o desenvolvimento do vetor da dengue.","condomínio; plantas; areia; bromélias","Mosquito; Vegetação alta","Ministério da Saúde","https://www.gov.br/saude/pt-br/assuntos/saude-de-a-a-z/d/dengue","Área de lazer e corredores de condomínio residencial de prédios. Risco médio. Grande quantidade de vasos ornamentais com pratos coletores contendo água visível e pequenas manchas de matéria orgânica. Clima com temperaturas elevadas. A presença continuada de água limpa nesses locais eleva o risco de oviposição e eclosão contínua."
"48","médio","Regularização do Abastecimento e Caixas d'Água","Mantenha as caixas d'água perfeitamente vedadas, especialmente em regiões com interrupções no fornecimento. O armazenamento improvisado em baldes e tonéis sem tampa aumenta o risco de reprodução do Aedes dentro de casa.","caixa d'água; abastecimento; baldes; tampa","Mosquito","Fiocruz","https://www.fiocruz.br","Bairro residencial enfrentando intermitência no abastecimento de água potável. Risco médio. Moradores acumulando água em tambores e baldes plásticos no quintal, alguns parcialmente destampados. Temperatura alta. O comportamento de armazenamento emergencial não protegido é a causa principal da proliferação vetorial local."
"49","médio","Eliminação de Garrafas em Bares e Restaurantes","Guarde garrafas de vidro e embalagens retornáveis viradas para baixo em caixas cobertas nos fundos do seu estabelecimento. O acúmulo de água de chuva no fundo de garrafas expostas cria dezenas de pequenos focos no ambiente comercial.","garrafas; comércio; bares; reciclagem","Lixo; Mosquito","Organização Mundial da Saúde","https://www.who.int","Setor de serviços e entretenimento com concentração de bares e lanchonetes. Risco médio. Caixas de grade com garrafas de vidro vazias empilhadas ao ar livre nos pátios traseiros dos estabelecimentos, retendo água de chuva no interior. Clima tropical úmido. Riscos para funcionários e frequentadores dos locais."
"50","médio","Tratamento de Piscinas sem Uso","Mantenha o tratamento de cloro de piscinas residenciais ou aplique capas protetoras bem esticadas. Piscinas abandonadas ou com água verde tornam-se grandes focos de reprodução de mosquitos, gerando milhares de insetos para toda a vizinhança.","piscina; cloro; manutenção; vizinhança","Mosquito","Secretaria Estadual de Saúde","https://www.saude.sp.gov.br","Residência desocupada com piscina sem manutenção periódica de filtragem e cloração. Risco médio. Água de cor esverdeada por alga com presença visível de pupas e larvas do vetor nas bordas. Clima ensolarado. Ponto crítico de amplificação do vetor capaz de dispersar mosquitos adultificados por um raio de centenas de metros."
"51","médio","Limpeza de Canaletas em Escolas","Desobstrua as canaletas de escoamento de água das chuvas nos pátios das escolas. A retenção de água misturada com areia e terra cria um ambiente perfeito para a oviposição do mosquito, colocando alunos e professores em risco.","escola; canaletas; escoamento; pátio","Mosquito; Alagamento","Secretaria Municipal de Saúde","https://www.gov.br/saude/pt-br","Escola pública municipal atendendo centenas de alunos por dia. Risco médio. Canaletas externas do pátio descoberto entupidas com terra de arraste de jardins e folhas secas, gerando retenção hídrica prolongada. Clima quente após período chuvoso. Ação focada no controle de exposição do público infantil."
"52","médio","Manejo de Entulho em Margens de Córregos","Evite o descarte de entulhos e restos de móveis nas margens de rios e córregos. O acúmulo de inservíveis represas a água pluvial e cria focos da dengue, além de provocar o assoreamento do leito e alagamentos futuros na comunidade.","córrego; entulho; margem; alagamento","Entulho; Alagamento; Mosquito","Vigilância em Saúde","https://www.gov.br/saude/pt-br","Área marginal de córrego urbano não canalizado em zona habitacional densa. Risco médio. Descarte de sofás velhos, restos de madeira e entulho de alvenaria obstruindo o fluxo da água e criando bolsões estagnados. Clima instável com previsão de chuvas. Risco combinado de proliferação de vetores e alagamentos."
"53","médio","Vistoria em Cemitérios após Tempestades","Realize vistorias extraordinárias em cemitérios logo após períodos de fortes chuvas. Remova a água acumulada em floreiras, depósitos de velas e adornos tumulares para evitar o surgimento súbito de novas gerações de mosquitos transmissores.","cemitério; chuva; floreiras; vistoria","Mosquito","Ministério da Saúde","https://www.gov.br/saude/pt-br/assuntos/saude-de-a-a-z/d/dengue","Cemitério horizontal de grande extensão em zona urbana. Risco médio. Diversos jazigos com vasos de flores de plastico e pratos cheios d'água acumulada após precipitação pluviométrica recente. Clima abafado post-chuva acelerando o ciclo larval do Aedes. Necessidade de mutirão focado para eliminar depósitos temporários."
"54","médio","Descarte Correto de Pneus Usados","Entregue pneus velhos nos pontos de coleta credenciados pela prefeitura do seu município. Nunca guarde pneus no quintal expostos à chuva, pois a parte interna retém água por semanas e é o local preferido pelo Aedes aegypti.","pneus; reciclagem; ecoponto; coleta","Entulho; Mosquito","Secretaria Estadual de Saúde","https://www.saude.sp.gov.br","Oficina mecânica informal instalada no quintal de uma moradia. Risco médio. Presença de seis a dez pneus empilhados ao ar livre recebendo chuva direta, com presença de água acumulada nas cavidades internas. Clima quente e úmido. Elevado potencial de postura devido ao abrigo e ambiente escuro do interior dos pneus."
"55","médio","Cuidados com Bambuzais e Buracos em Árvores","Preencha furos em troncos de árvores e nós de bambu com areia ou terra nas praças e quintais. Esses pequenos nichos naturais acumulam água de chuva e servem como criadouros silenciosos para o vetor da dengue em áreas verdes.","árvores; bambu; natureza; praça","Vegetação alta; Mosquito","Fiocruz","https://www.fiocruz.br","Área verde urbana adjacente a bairro residencial consolidado. Risco médio. Árvores antigas com cavidades no tronco e cortadeiras de bambu acumulando pequenos volumes d'água cristalina de chuva. Clima ameno com umidade elevada. Ação direcionada para o controle em ecossistemas periurbanos e microbiótopos naturais."
"56","médio","Limpeza de Bebedouros de Animais em Feiras","Feirantes que mantêm animais ou bebedouros para cães de rua devem realizar a escovação diária dos recipientes. A simples troca da água sem esfregar as paredes do vaso deixa os ovos do mosquito viáveis por meses.","feira; bebedouros; escovação; animais","Mosquito; Lixo","Organização Mundial da Saúde","https://www.who.int","Feira de animais e suprimentos agrícolas em setor periurbano. Risco médio. Vários recipientes plásticos de água expostos para uso animal com lodo nas bordas e troca de água infrequente. Tempo quente. Perigo epidemiológico associado à persistência de ovos secos aderidos às paredes plásticas dos vasos."
"57","médio","Atenção a Lajes sem Inclinacao","Adicione drenos ou remova a água parada sobre lajes planas sem inclinação adequada. A evaporação lenta após as chuvas cria uma grande superfície propícia para a postura de ovos e desenvolvimento das larvas do Aedes.","laje; água estagnada; drenagem; construção","Mosquito; Alagamento","Secretaria Municipal de Saúde","https://www.gov.br/saude/pt-br","Residências em fase de acabamento com lajes superiores expostas e sem caimento correto para calhas. Risco médio. Presença de grandes poças d'água rasas retidas no concreto após eventos pluviométricos recentes. Clima quente com insolação direta. Alto risco de produção de novos adultos em curto intervalo de tempo."
"58","médio","Manejo de Vegetação em Riberões e Valas","Realize a roçada da vegetação rasteira e alta ao longo de valas de escoamento. O excesso de mato reduz a velocidade da água e retém resíduos plásticos, criando poças adequadas para a proliferação do mosquito.","vala; mato; roçada; drenagem","Vegetação alta; Alagamento; Mosquito","Vigilância em Saúde","https://www.gov.br/saude/pt-br","Vala de drenagem águas pluviais em via pública periférica. Risco médio. Vegetação densa cobrindo as margens da vala, dificultando a fluidez da água e retendo copos e sacos plásticos descartados por pedestres. Clima úmido. Intervenção necessária para restabelecer a velocidade hídrica do canal."
"59","médio","Vistoria de Coberturas de Lonas em Mercados","Ajuste a tensão de lonas impermeáveis usadas como cobertura em barracas de mercado e feiras livres. Bolsões de água formados nas dobras da lona retêm água limpa o suficiente para a reprodução contínua de arboviroses.","lonas; feira; cobertura; mercadão","Lixo; Mosquito","Ministério da Saúde","https://www.gov.br/saude/pt-br/assuntos/saude-de-a-a-z/d/dengue","Mercado comunitário ao ar livre com estrutura móvel. Risco médio. Coberturas plásticas de tendas com ondulações formando depósitos horizontais d'água após a chuva da noite anterior. Clima abafado. Necessidade de rápida ação educativa com os permissionários locais."
"60","médio","Higienização de Ralos de Águas Pluviais","Aplique detergente ou água sanitária nos ralos do quintal e da lavanderia semanalmente. Em períodos quentes, a água retida no sifão evapora devagar e atrai as fêmeas do Aedes para a postura de ovos no local escuro.","ralos; lavanderia; quintal; higiene","Mosquito; Esgoto","Secretaria Estadual de Saúde","https://www.saude.sp.gov.br","Residência térrea com área de serviço externa parcialmente coberta. Risco médio. Ralos de captação de água de lavagem apresentando lâmina hídrica residual e matéria orgânica acumulada. Clima quente e úmido. Risco de manutenção silenciosa de vetor na área peridomiciliar."
"61","médio","Inspeção Sanitária em Ferro-Velho","Proprietários de ferros-velhos devem organizar o material por tipologia e manter os recipientes com a boca virada para baixo. O monitoramento quinzenal por agentes ambientais garante a aplicação de larvicidas onde o controle mecânico é inviável.","ferro-velho; larvicida; reciclagem; vistoria","Entulho; Mosquito","Fiocruz","https://www.fiocruz.br","Estabelecimento privado de comercialização de sucatas metálicas e plásticas. Risco médio. Grande densidade de objetos empilhados ao tempo contendo focos pontuais do mosquito. Clima abafado. Necessidade de aplicar controle químico e biológico focado devido à alta densidade de recipientes complexos."
"62","médio","Descarte de Embalagens em Parques Urbanos","Use as lixeiras corretas ao visitar parques e praças públicas. Embalagens de sorvete, copos plásticos e garrafas jogadas na vegetação acumulam água da chuva e estragam o ambiente ecológico e a saúde da população.","parque; lixeiras; plásticos; visitantes","Lixo; Vegetação alta; Mosquito","Organização Mundial da Saúde","https://www.who.int","Parque público de preservação ambiental com grande visitação nos fins de semana. Risco médio. Copos plásticos e embalagens de alimentos descartados por visitantes no meio do mato à beira das trilhas. Temperatura elevada. Foco na sensibilização dos frequentadores e reforço de equipes de limpeza urbana."
"63","médio","Limpeza de Tanques e Caixas em Escolas","Mantenha as caixas d'água de creches e escolas trancadas com cadeado e vedações perfeitas. A realização de limpezas semestrais evita a formação de películas orgânicas que alimentam as larvas do vetor nas instalações escolares.","escola; creche; caixa d'água; higienização","Mosquito","Secretaria Municipal de Saúde","https://www.gov.br/saude/pt-br","Creche pública municipal com atendimento em tempo integral. Risco médio. Reservatório de água potável instalado em estrutura elevada apresentando pequenas folgas no encaixe da tampa superior. Tempo quente. A garantia da integridade do reservatório é essencial para a proteção das crianças."
"64","médio","Cuidado com Depósitos em Unidades de Saúde","Unidades de saúde devem realizar a gestão rápida de resíduos hospitalares e caixas de descarte guardadas nos pátios. Locais de atendimento de doentes precisam estar livres de vetores para impedir a transmissão de arboviroses no local.","posto de saúde; resíduos; segurança; pátio","Lixo; Mosquito","Vigilância em Saúde","https://www.gov.br/saude/pt-br","Pátio traseiro de Unidade de Pronto Atendimento. Risco médio. Acúmulo de pallets de madeira e caixas plásticas de suprimentos aguardando recolhimento em área descoberta. Clima quente pós-chuva. Necessidade vital de sanar o risco em local de acolhimento de pacientes com febre e sintomas suspeitos."
"65","médio","Manejo de Recicláveis em Condomínios","Crie áreas cobertas para a central de reciclagem do condomínio residencial. A separação do lixo seco é uma atitude sustentável que deve ser acompanhada de cuidados para que nenhum recipiente acumule água enquanto aguarda a coleta seletiva.","condomínio; reciclagem; coleta seletiva; sustentabilidade","Lixo; Mosquito","Ministério da Saúde","https://www.gov.br/saude/pt-br/assuntos/saude-de-a-a-z/d/dengue","Área de depósito de resíduos de condomínio habitacional de grande porte. Risco médio. Contêineres de reciclagem sem tampa expostos a precipitação pluviométrica recente com acúmulo de líquidos em potes plásticos. Clima úmido. Ações focadas no ajuste da infraestrutura do abrigo de resíduos."
"66","médio","Vistoria de Coberturas em Obras Comerciais","Estique perfeitamente as lonas plásticas utilizadas para cobrir sacos de cimento e insumos em obras de imóveis comerciais. A formação de dobras acumuladoras de água da chuva transforma o canteiro de obras num risco para o centro urbano.","obra comercial; lonas; cimento; canteiro","Entulho; Mosquito","Secretaria Estadual de Saúde","https://www.saude.sp.gov.br","Canteiro de obra de prédio comercial em área central densa. Risco médio. Proteções de plástico impermeável instaladas sobre materiais de construção apresentando poças de água retida no centro das lonas. Clima quente. Exige controle rigoroso para evitar o surgimento de focos em área de alto fluxo comercial."
"67","médio","Limpeza de Bromélias em Parques Botanicos","Submeta jardins botânicos e parques com coleções de bromélias à aplicação regular de jatos d'água para renovação do conteúdo do tanque foliar ou use larvicidas biológicos autorizados. Mantenha o equilíbrio ambiental sem aumentar o risco sanitário.","bromélias; jardim botânico; larvicida biológico; manejo","Vegetação alta; Mosquito","Fiocruz","https://www.fiocruz.br","Jardim botânico municipal com coleção expressiva de flora tropical. Risco médio. Bromélias acumulando água de chuva e matéria orgânica com presença de larvas do vetor e insetos nativos. Temperatura e umidade elevadas. Ações de manejo seletivo visam mitigar o risco sanitário sem agredir a fauna benéfica."
"68","médio","Cuidados com Pratos de Floreiras em Hotéis","A equipe de governança de hotéis e pousadas deve checar diariamente as floreiras nos pátios de entrada. Troque a água dos recipientes e garanta a aplicação de areia nos pratos para proporcionar uma estadia segura e livre de mosquitos.","hotelaria; turismo; floreiras; recepção","Mosquito; Vegetação alta","Secretaria Municipal de Saúde","https://www.gov.br/saude/pt-br","Entrada principal e jardim de pousada de praia. Risco médio. Grandes floreiras decorativas com água estagnada nos pratos e folhagem densa criando ambiente sombreado. Clima tropical. Importante ação preventiva para evitar contaminação de hóspedes e trabalhadores do setor de turismo."
"69","médio","Manutenção de Barcos e Flutuantes em Portos","Realize o esgotamento constante da água da chuva acumulada no fundo de barcos, canoas e flutuantes nas áreas portuárias. A mistura de água doce de chuva com resíduos cria áreas propícias para a multiplicação do mosquito Aedes aegypti.","porto; barcos; esgotamento; área litorânea","Mosquito; Alagamento","Vigilância em Saúde","https://www.gov.br/saude/pt-br","Ancoradouro e pátio de manutenção de pequenas embarcações em área portuária. Risco médio. Cascos de barcos em reparo mantidos com a abertura voltada para cima acumulando água de chuva recente. Clima ensolarado e abafado. Necessidade de readequação da posição das embarcações para rápida drenagem."
"70","médio","Prevenção de Poças em Estacionamentos","Corrija as imperfeições no asfalto e no piso de paralelepípedos de estacionamentos comerciais. As pequenas poças d'água que permanecem por vários dias após a chuva servem de ponto de postura para fêmeas do mosquito da dengue.","estacionamento; asfalto; poças; piso","Alagamento; Mosquito","Ministério da Saúde","https://www.gov.br/saude/pt-br/assuntos/saude-de-a-a-z/d/dengue","Estacionamento descoberto de centro de compras em bairro urbano. Risco médio. Depressões no pavimento de asfalto retendo poças de água rasas por mais de quatro dias consecutivos pós-chuva. Clima abafado. Medidas de reparo na pavimentação impedem a manutenção do ciclo reprodutivo."
"71","médio","Higienização de Ralos de Chuveiros Externos","Utilize telas mosquiteiras em ralos de chuveiros instalados nas áreas de lazer e piscinas. O uso frequente do espaço mantém o fecho hídrico cheio, exigindo aplicação periódica de desinfetantes para evitar a criação de vetores.","chuveiro externo; praia; piscina; ralos","Mosquito; Esgoto","Secretaria Estadual de Saúde","https://www.saude.sp.gov.br","Área de lazer externa de clube social comunitário. Risco médio. Ralos de duchas externas com fluxo de escoamento lento por conta de acúmulo de areia e folhas, mantendo lâmina de água no nível do piso. Clima ensolarado. Ação preventiva no manejo da infraestrutura de drenagem de lazer."
"72","médio","Cuidados com Vasos em Floriculturas","Floriculturas e hortos comerciais devem adotar o uso exclusivo de areia nos pratos de plantas e efetuar a limpeza diária dos estandes. Estabelecimentos que vendem vegetação devem ser modelo no controle e eliminação de criadouros da dengue.","floricultura; horto; plantas; areia","Vegetação alta; Mosquito","Fiocruz","https://www.fiocruz.br","Estabelecimento comercial de venda de plantas e suprimentos de jardinagem. Risco médio. Centenas de vasos expostos em prateleiras ao ar livre com irrigação por aspersão diária e acúmulo hídrico nos pratos. Temperatura alta. Risco constante de proliferação vetorial caso não haja protocolo de drenagem estrito."
"73","médio","Gestão de Entulho em Loteamentos Novos","Empresas urbanizadoras devem recolher os resíduos de alvenaria e plásticos abandonados nas vias de loteamentos recém-abertos. O mato alto combinado com lixo e entulho cria microambientes favoráveis à proliferação silenciosa do Aedes.","loteamento; urbanização; entulho; mato","Entulho; Vegetação alta; Mosquito","Organização Mundial da Saúde","https://www.who.int","Loteamento residencial recém-construído com poucas moradias edificadas. Risco médio. Vios de trânsito abertas com vegetação rasteira alta e descarte irregular de sobras de materiais de construção por futuros moradores. Clima instável. Intervenção na área não habitada para proteger os primeiros residentes."
"74","médio","Vistoria de Coberturas de Garagens Comunitárias","Inspecione as calhas e coberturas de plásticos de garagens comunitárias em bairros populares. A correção das declividades do telhado impede o surgimento de lâminas d'água represadas que servem de foco para o mosquito da dengue.","garagem comunitária; telhado; calha; periferia","Mosquito; Alagamento","Secretaria Municipal de Saúde","https://www.gov.br/saude/pt-br","Estacionamento comunitário coberto em bairro periférico. Risco médio. Telhas de zinco e lonas improvisadas com afundamentos retendo pequenas poças de água da chuva. Clima quente e abafado. Alerta para a manutenção comunitária das estruturas compartilhadas de proteção de veículos."
"75","médio","Descarte de Potes de Tintas e Reformas","Descarte potes de tinta e baldes vazios imediatamente após o encerramento de pinturas residenciais. Guardar esses objetos virados para cima em áreas descobertas cria dezenas de criadouros perfeitos ao primeiro sinal de chuva forte no bairro.","reforma; pintura; baldes de tinta; descarte","Entulho; Lixo; Mosquito","Vigilância em Saúde","https://www.gov.br/saude/pt-br","Quintal residencial após conclusão de obra de reforma da fachada. Risco médio. Potes plásticos de tinta vazios e latas velhas deixados no chão acumulando água da chuva do dia anterior. Clima abafado. Ação focada no descarte imediato dos recipientes pós-obra."
"76","médio","Cuidado com Água em Bebedouros de Quadras","Realize a manutenção diária dos bebedouros de água e pias instaladas em quadras esportivas públicas. O vazamento constante na base das torneiras gera poças de água limpa no solo e atrai o Aedes aegypti para a região.","esporte; bebedouro; vazamento; quadra","Mosquito; Alagamento","Ministério da Saúde","https://www.gov.br/saude/pt-br/assuntos/saude-de-a-a-z/d/dengue","Quadra poliesportiva aberta em parque público municipal. Risco médio. Torneira de bebedouro com pequeno vazamento contínuo gerando poça d'água rasa sobre o piso de concreto trincado. Clima quente. Necessidade de conserto hidráulico para eliminar o criadouro mantido por vazamento."
"77","médio","Manejo de Caixas de Inspeção de Esgoto","Garanta que a tampa da caixa de gordura e de inspeção do esgoto residencial esteja perfeitamente vedada com argamassa ou borracha. Frestas nas tampas permitem que fêmeas do mosquito utilizem a umidade interna para colocar seus ovos.","caixa de gordura; esgoto; vedação; saneamento","Esgoto; Mosquito","Secretaria Estadual de Saúde","https://www.saude.sp.gov.br","Residência térrea em bairro com rede de esgotamento tradicional. Risco médio. Caixa de inspeção sanitária no piso do quintal com tampa de cimento quebrada e pequenas frestas laterais expostas. Clima quente. Risco de abrigo e ovofixação de mosquitos nas paredes internas úmidas da estrutura."
"78","médio","Limpeza de Pátios em Unidades de Ensino Superior","A equipes de manutenção das faculdades e universidades devem inspecionar as áreas abertas e campi. Baldes de jardinagem, recipientes de laboratório e calhas dos blocos acadêmicos devem passar por vistorias semanais contra o vetor.","universidade; campus; calhas; pátio","Mosquito; Vegetação alta","Fiocruz","https://www.fiocruz.br","Campus universitário com ampla área verde e múltiplos blocos didáticos. Risco médio. Pátios internos com vasos ornamentais contendo água e pequenos descartes de plástico deixados por estudantes na vegetação. Clima úmido. Exige vigilância contínua do corpo administrativo para manter a área segura."
"79","médio","Cuidados com Irrigação em Hortas Urbanas","Adote o sistema de irrigação por gotejamento ou regue as hortas comunitárias no início da manhã, evitando o acúmulo de poças de água ao final do dia. Armazene ferramentas e baldes sempre sob abrigo coberto e seco.","horta; irrigação; gotejamento; hortaliças","Vegetação alta; Mosquito","Secretaria Municipal de Saúde","https://www.gov.br/saude/pt-br","Espaço de agricultura urbana gerido por associação de moradores. Risco médio. Uso exagerado de água por mangueira gerando pequenas poças acumuladas entre os leitos de plantio e baldes cheios no local. Clima quente. Orientação sobre o uso racional da água e prevenção de focos no solo."
"80","médio","Proteção de Caixas d'Água em Escolas Rurais","Instale telas e fechos adequados nas caixas d'água de escolas localizadas na zona rural do município. A garantia da qualidade da água potável e a prevenção contra a dengue protegem o desenvolvimento saudável dos alunos do campo.","zona rural; escola rural; caixa d'água; tela","Mosquito","Organização Mundial da Saúde","https://www.who.int","Escola municipal do campo em área rural. Risco médio. Caixa d'água sustentada por estrutura de madeira com tampa de polietileno leve e sem travamento contra o vento, permitindo frestas. Clima quente com ventos moderados. Risco de infestação da comunidade escolar por falta de vedação mecânica."
"81","alto","Mutirão Urgente em Áreas Alagadas","Atenção! Áreas com alagamentos e água estagnada exigem ação imediata. Participe do mutirão comunitário para desobstrução de valas e descarte de materiais inservíveis. Proteja sua família contra o surto de dengue no seu bairro. Procure atendimento ao primeiro sinal de febre.","urgência; alagamento; mutirão; febre","Alagamento; Lixo; Mosquito","Ministério da Saúde","https://www.gov.br/saude/pt-br/assuntos/saude-de-a-a-z/d/dengue","Comunidade periférica atingida por fortes chuvas recentes e transbordamento de valas. Risco alto. Presença de grande volume de água represada nas ruas unida a lixo doméstico flutuante e alta densidade de mosquitos adultos. Clima quente e muito úmido. Notificação de casos suspeitos na região exige intervenção emergencial."
"82","alto","Eliminação Massiva de Focos em Entulhos","Risco elevado! Terrenos com entulho e mato alto estão gerando uma alta infestação de Aedes aegypti. Solicite a remoção urgente dos resíduos e elimine qualquer recipiente que acumule água. Sintomas como dores no corpo e febre alta indicam necessidade de atendimento médico rápido.","alto risco; entulho; mato alto; sintomas","Entulho; Vegetação alta; Mosquito","Secretaria Municipal de Saúde","https://www.gov.br/saude/pt-br","Bairro residencial periférico com presença de grande terreno abandonado tomado por mato alto e entulho de construção civil. Risco alto. Múltiplos focos do vetor confirmados por agentes de saúde e altos índices de infestação predial (LIRAa). Tempo quente e chuvoso. Situação epidemiológica crítica."
"83","alto","Ação Emergencial em Áreas com Esgoto a Céu Aberto","Alerta sanitário! O esgoto a céu aberto acumulado nas vias públicas e misturado com lixo pluvial cria um ambiente de alto risco para a proliferação do mosquito da dengue. Exija manutenção urgente das autoridades e proteja suas janelas com telas ou repelente.","alerta sanitário; esgoto; mosquito; contaminação","Esgoto; Lixo; Mosquito","Fiocruz","https://www.fiocruz.br","Comunidade vulnerável sem saneamento básico, com esgoto correndo em valas abertas pelas vias. Risco alto. Presença de embalagens plásticas retidas nas margens da vala de esgoto, água com forte carga orgânica e proliferação massiva de vetores. Clima abafado. Alta contaminação e registros de casos graves de arboviroses."
"84","alto","Mobilização Comunitária em Comunidades Sem Coleta","Ação urgente! Em locais com coleta irregular de lixo, mantenha os resíduos em sacos plásticos bem vedados e amarrados acima do solo. Participe dos pontos de recolhimento comunitário de inservíveis para barrar a explosão de casos de dengue na sua região.","mobilização; lixo; coleta irregular; surto","Lixo; Mosquito","Organização Mundial da Saúde","https://www.who.int","Favela ou comunidade urbana com serviços de coleta de resíduos irregulares. Risco alto. Montanhas de lixo acumuladas em pontos viciados nas entradas das alamedas, com garrafas, latas e sacos rasgados contendo água de chuva. Clima abafado e chuvoso. Transmissão viral acelerada demonstrada em boletins."
"85","alto","Inspeção Crítica em Obras Abandonadas","Perigo de arboviroses! Obras paralisadas acumulando água no fosso do elevador e lajes abertas representam ameaça à saúde pública local. A vigilância sanitária deve ser acionada imediatamente para aplicação de larvicidas e drenagem da água acumulada na edificação.","obras paralisadas; fosso de elevador; perigo; larvicida","Entulho; Alagamento; Mosquito","Vigilância em Saúde","https://www.gov.br/saude/pt-br","Esqueleto de edifício comercial abandonado no centro da cidade. Risco alto. Fosso do elevador completamente inundado e lajes com lâminas d'água de grande profundidade com presença maciça de larvas e mosquitos adultos. Clima quente e chuvoso. Risco iminente de dispersão de arboviroses no setor comercial."
"86","alto","Canais de Drenagem Obstruídos na Periferia","Situação crítica! Canais de drenagem entupidos por lixo e vegetação densa estão provocando alagamentos e proliferação descontrolada do Aedes aegypti. Limpe seus quintais, não jogue resíduos no canal e fique atento a sintomas de dengue, zika ou chikungunya.","drenagem; canal; sintomas; chikungunya","Alagamento; Vegetação alta; Lixo; Mosquito","Secretaria Estadual de Saúde","https://www.saude.sp.gov.br","Canal de macrodrenagem atravessando área habitacional de alta densidade. Risco alto. Obstrução severa por acúmulo de mato alto e grande volume de detritos plásticos, gerando represamento e extravasamento para as ruas. Clima abafado pós-tempestade. Alta taxa de notificação de febre e dor nas articulações."
"87","alto","Vigilância Sanitária Intensiva em Borracharias","Alerta de saúde pública! Borracharias e depósitos com pneus expostos à chuva devem passar por saneamento imediato. Pneus acumulados são as principais fontes de amplificação do Aedes aegypti em surtos urbanos. Colabore eliminando recipientes do seu estabelecimento.","alerta; borracharia; pneus; surto urbano","Entulho; Mosquito","Ministério da Saúde","https://www.gov.br/saude/pt-br/assuntos/saude-de-a-a-z/d/dengue","Área industrial e comercial com grande concentração de borracharias de veículos pesados. Risco alto. Centenas de pneus estocados a céu aberto em múltiplos estabelecimentos contendo grande volume de água estagnada e larvas em desenvolvimento. Clima muito quente e umidade elevada. Foco transmissor severo."
"88","alto","Cuidados de Saúde Urgentes para Pacientes com Dengue","Atenção para os sinais de alarme da dengue! Se apresentar febre alta acompanhada de dor abdominal intensa, vômitos que não passam ou sangramentos, procure a Unidade de Saúde imediatamente. A hidratação oral rápida é crucial para salvar vidas durante o tratamento.","sinais de alarme; emergência médica; febre; hidratação","Mosquito","Secretaria Municipal de Saúde","https://www.gov.br/saude/pt-br","Bairro sob surto epidêmico de dengue com alta taxa de incidência populacional. Risco alto. Moradores apresentando sintomas graves em suas residências. Ambientes com constante presença do vetor transmissor. Clima quente. Necessidade de orientação rápida sobre quando buscar atendimento de urgência e manejo clínico."
"89","alto","Saneamento de Emergência em Cemitérios","Ação emergencial nos cemitérios! Todos os vasos com água devem ser eliminados ou preenchidos com areia imediatamente. O alto índice de infecção na cidade exige a retirada de qualquer ornamento que possa reter água de chuva e agravar o surto da doença.","cemitério; emergência; eliminação de focos; epidemia","Mosquito","Fiocruz","https://www.fiocruz.br","Cemitério municipal antigo localizado em área com explosão de casos de dengue. Risco alto. Milhares de depósitos permanentes de água limpa em túmulos e floreiras, infestação de vetores verificada no local por armadilhas de monitoramento. Clima quente e úmido. Foco gerador de mosquitos infectados com vírus circulante."
"90","alto","Alagamento em Pátios de Escolas e Fechamento","Alerta escolar! Pátios e áreas de recreação alagados por falta de drenagem devem ser isolados e secos com urgência. A presença do mosquito transmissor em ambientes frequentados por crianças aumenta gravemente o risco de surtos escolares de dengue.","escola; alagamento; crianças; risco alto","Alagamento; Mosquito","Organização Mundial da Saúde","https://www.who.int","Escola de ensino fundamental em área baixa da cidade propensa a inundações. Risco alto. Pátio de recreação coberto por lâmina de água de chuva acumulada há dias sem escoamento por falha no sistema de drenagem pluvial. Clima quente. Exposição direta de centenas de estudantes ao vetor transmissor."
"91","alto","Mutirão de Remoção de Inservíveis em Praças","Ação comunitária de urgência! Praças tomadas por lixo e mato alto exigem limpeza imediata para combater a epidemia de arboviroses. Una-se aos vizinhos e à prefeitura para recolher garrafas, sacos e móveis velhos descartados na vegetação do seu bairro.","mutirão; praça; mato alto; epidemia","Lixo; Vegetação alta; Mosquito","Vigilância em Saúde","https://www.gov.br/saude/pt-br","Praça abandonada em setor residencial periférico sob emergência de saúde pública. Risco alto. Mato acumulando mais de um metro de altura, misturado a grande quantidade de lixo doméstico, inservíveis e poças d'água. Clima abafado. Alta velocidade de proliferação vetorial e transmissão comunitária."
"92","alto","Controle do Vetor em Unidades de Saúde Adensadas","Urgente! Unidades de saúde e UPAs sob alta demanda devem manter seus arredores completamente livres de vetores. Aplique larvicidas e elimine qualquer fonte de água parada no pátio para conter a transmissão do vírus para acompanhantes e profissionais.","upa; posto de saúde; larvicida; transmissão","Mosquito; Lixo","Ministério da Saúde","https://www.gov.br/saude/pt-br/assuntos/saude-de-a-a-z/d/dengue","Entorno imediato e estacionamento de Unidade de Pronto Atendimento com tendas de hidratação instaladas. Risco alto. Grande fluxo de pacientes infectados e presença de recipientes plásticos de água descartados na área externa da unidade. Clima quente. Risco máximo de contaminação cruzada via picada do Aedes."
"93","alto","Intervenção Sanitária em Ferros-Velhos e Clandestinos","Aviso importante! Ferros-velhos e depósitos clandestinos sem cobertura serão fiscalizados e autuados imediatamente. A estocagem inadequada de sucatas em momentos de alta transmissão do vírus coloca em risco a vida de toda a população da cidade.","fiscalização; ferro-velho; multa; emergência","Entulho; Mosquito","Secretaria Estadual de Saúde","https://www.saude.sp.gov.br","Depósito de sucata metálica e reciclagem sem licenciamento ambiental em meio a zona urbana densa. Risco alto. Acúmulo desordenado de eletrodomésticos velhos, latas e autopeças cheias d'água de chuva com alta concentração de larvas. Clima quente e úmido. Necessidade de intervenção fiscal e aplicação de inseticida."
"94","alto","Ação Contra Focos em Caixas d'Água Abertas","Atenção imediata! Caixas d'água destampadas são as principais responsáveis pela explosão de mosquitos em bairros populares. Vede o seu reservatório hoje mesmo usando telas ou capas adequadas. Proteja sua vida e ajude a parar a epidemia de dengue.","caixa d'água; emergência; epidemia; comunidade","Mosquito","Secretaria Municipal de Saúde","https://www.gov.br/saude/pt-br","Bairro residencial de alta densidade demográfica com casas sobrepostas e caixas d'água sem tampa. Risco alto. Vistoria constatando que mais de 30% dos reservatórios superiores estão destampados e infestados por larvas. Clima abafado. Foco primário responsável pelo surto epidêmico na região."
"95","alto","Aplicação de Fumacê e Cuidados na Residência","Atenção! O veículo de nebulização espacial (fumacê) passará na sua rua. Abra portas e janelas para que o produto atinja os mosquitos adultos. Mantenha os cuidados nos quintais eliminando a água parada para impedir o nascimento de novas larvas.","fumacê; nebulização; controle vetorial; emergência","Mosquito","Fiocruz","https://www.fiocruz.br","Bairro residencial urbano vivenciando surto epidêmico decretado com alta densidade de Aedes aegypti alados. Risco alto. Ação emergencial de controle químico de adultos via nebulização em via pública. Clima abafado ao final do dia. Aplicação de inseticida como medida complementar temporária."
"96","alto","Desobstrução de Valas com Esgoto e Lixo","Urgente! Valas de drenagem misturadas com esgoto e lixo plástico represado precisam de limpeza mecânica imediata. A retenção da água poluída cria áreas de reprodução para vetores e coloca as moradias vizinhas em situação de extrema vulnerabilidade.","valas; esgoto; alagamento; urgência","Esgoto; Lixo; Alagamento; Mosquito","Vigilância em Saúde","https://www.gov.br/saude/pt-br","Comunidade vulnerável cortada por vala de drenagem que recebe efluentes sanitários clandestinos. Risco alto. Obstrução completa da vala por garrafas PET e sacos de lixo, provocando alagamento das vias e proliferação intensa de mosquitos. Clima muito quente e chuvoso. Situação de emergência ambiental e sanitária."
"97","alto","Manejo de Vegetação Densa em Áreas de Alagamento","Ação emergencial! A combinação de mato alto e água estagnada por alagamentos está acelerando o surto de chikungunya na região. Exija o corte da vegetação e o esgotamento das poças acumuladas nas ruas do seu bairro. Procure os serviços de saúde.","chikungunya; alagamento; mato alto; emergência","Vegetação alta; Alagamento; Mosquito","Organização Mundial da Saúde","https://www.who.int","Área urbana baixa sujeita a inundações frequentes com vegetação rasteira alta e descontrolada. Risco alto. Terrenos alagados por vários dias seguidos com mato submerso gerando condições ideais para rápida reprodução vetorial. Clima tropical quente e úmido. Alto número de notificações de febre severa."
"98","alto","Inspeção em Feiras e Mercados de Grande Porte","Atenção feirantes! O acúmulo de caixas plásticas, restos de frutas e copos descartáveis nas feiras está alimentando o surto de dengue. Descarte os resíduos nos pontos corretos e limpe suas barracas para evitar o fechamento das atividades do setor.","feira livre; emergência; limpeza urbana; resíduos","Lixo; Mosquito","Ministério da Saúde","https://www.gov.br/saude/pt-br/assuntos/saude-de-a-a-z/d/dengue","Feira livre permanente instalada em praça asfaltada de grande porte. Risco alto. Grande quantidade de caixas plásticas de transporte de frutas estocadas na chuva acumulando líquido, associadas a sacos de lixo rasgados no chão. Clima abafado pós-chuva. Perigo epidemiológico para milhares de frequentadores diários."
"99","alto","Saneamento de Alagamentos em Terrenos de Obras","Alerta de perigo! Águas represadas em escavações de obras e terrenos de construção devem ser bombeadas imediatamente. O acúmulo de grandes volumes de água da chuva transforma o canteiro de obras em uma fábrica de mosquitos da dengue para o bairro.","obras; escavação; drenagem; bomba","Entulho; Alagamento; Mosquito","Secretaria Estadual de Saúde","https://www.saude.sp.gov.br","Grandes escavações de fundação de prédio em construção no centro urbano. Risco alto. Terreno escavado transformado em grande lagoa temporária pela chuva da semana anterior, apresentando alta densidade de larvas e pupas. Clima quente. Necessidade de esgotamento mecânico emergencial via bombas de sucção."
"100","alto","Alerta de Vacinação contra a Dengue em Grupos de Risco","Atenção! Procure o posto de saúde para vacinação contra a dengue conforme o calendário do seu município. A vacina é uma ferramenta essencial e comprovada para reduzir casos graves e internações hospitalares durante os períodos de alta transmissão da doença.","vacinação; imunização; posto de saúde; prevenção","Mosquito","Secretaria Municipal de Saúde","https://www.gov.br/saude/pt-br","Município com decreto de situação de emergência em saúde devido à epidemia de dengue. Risco alto. Circulação viral intensa demonstrada por exames laboratoriais. Clima tropical. A recomendação foca no fortalecimento da imunidade populacional através da vacinação das faixas etárias prioritárias estabelecidas."
"101","alto","Monitoramento de Calhas Inundadas em Condomínios","Urgente! Condomínios residenciais devem contratar limpeza imediata de calhas entupidas. O acúmulo de água no topo dos prédios espalha mosquitos para todos os andares e imóveis vizinhos. Ações preventivas nos telhados protegem toda a comunidade.","condomínio; calhas; topo; emergência","Mosquito; Vegetação alta","Fiocruz","https://www.fiocruz.br","Conjunto habitacional horizontal com dezenas de blocos residenciais sob epidemia. Risco alto. Calhas dos telhados completamente obstruídas por folhas de árvores vizinhas, acumulando centenas de litros de água da chuva. Clima muito quente pós-tempestade. Alta infestação de mosquitos nos andares superiores."
"102","alto","Combate a Focos em Depósitos de Reciclagem Clandestinos","Ação imediata! Pátios de triagem de recicláveis sem cobertura devem ser paralisados e limpos com urgência. A estocagem exposta de plásticos e latas é a causa da proliferação em massa de arboviroses no bairro. Proteja seus trabalhadores e vizinhos.","reciclagem; clandestino; contaminação; urgência","Lixo; Mosquito","Vigilância em Saúde","https://www.gov.br/saude/pt-br","Depósito informal de materiais recicláveis operando sem licença em área residencial habitada. Risco alto. Toneladas de garrafas plásticas, potes e baldes amontoados a céu aberto retendo água das chuvas diárias. Clima abafado e úmido. Alto risco transmissivo e proliferação vetorial desenfreada."
"103","alto","Drenagem Emergencial de Poços e Garagens","Atenção síndicos! Poços de elevador e garagens subterrâneas com água acumulada por infiltração devem ser drenados imediatamente. A escuridão e a água estagnada nesses locais formam o ambiente ideal para o desenvolvimento do Aedes aegypti no prédio.","garagem; poço de elevador; drenagem; condomínio","Alagamento; Esgoto; Mosquito","Ministério da Saúde","https://www.gov.br/saude/pt-br/assuntos/saude-de-a-a-z/d/dengue","Garagem subterrânea de condomínio residencial antigo com problemas severos de infiltração no piso. Risco alto. Lâmina d'água acumulada no piso inferior e poço de elevador alagado com presença confirmed de fêmeas do vetor em atividade. Clima quente. Risco de infestação em todo o edifício residencial."
"104","alto","Mutirão de Limpeza em Margens de Rios e Córregos","Ação comunitária urgente! Margens de rios e córregos repletas de lixo e entulho precisam de limpeza imediata. A eliminação desses depósitos reduz o risco de infecções e evita alagamentos devastadores na sua comunidade. Denuncie descarte irregular ao município.","córrego; rio; mutirão; entulho","Lixo; Entulho; Alagamento; Mosquito","Secretaria Estadual de Saúde","https://www.saude.sp.gov.br","Comunidade ribeirinha instalada ao longo de rio urbano poluído sob forte chuva. Risco alto. Descarte maciço de móveis velhos, entulho de alvenaria e lixo em geral represando o leito do rio e formando grandes poças estagnadas. Clima quente e chuvoso. Perigo de surto epidêmico combinado com desastre ambiental."
"105","alto","Vistoria em Hortas Urbanas com Água Parada","Atencao agricultores urbanos! Esvazie e cubra todos os recipientes de rega das hortas comunitárias. O acúmulo de água em tonéis sem tampa no meio das vegetações está multiplicando os casos de febre chikungunya entre os trabalhadores e moradores próximos.","horta; tonéis; chikungunya; agricultor","Vegetação alta; Mosquito","Organização Mundial da Saúde","https://www.who.int","Amplos canteiros de horta comunitária instalados sob rede de alta tensão urbana. Risco alto. Presença de dezenas de tambores plásticos abertos cheios d'água de chuva com grande quantidade de pupas e insetos adultos emergindo. Clima abafado. Notificação de casos confirmados entre os frequentadores do local."
"106","alto","Ação Imediata em Terrenos Baldios Abandonados","Perigo no seu bairro! Terrenos baldios tomados por mato e lixo são focos permanentes de mosquitos da dengue. Acione a vigilância sanitária para notificação e limpeza compulsória do proprietário. Elimine qualquer recipiente exposto na sua calçada.","terreno baldio; vigilância; notificação; limpeza","Vegetação alta; Lixo; Mosquito","Secretaria Municipal de Saúde","https://www.gov.br/saude/pt-br","Terreno abandonado de grande porte localizado no centro de um bairro com alto número de internações por dengue. Risco alto. Vegetação densa com mais de 1,5 metro de altura ocultando sacos de lixo, pneus e recipientes plásticos cheios d'água. Clima tropical. Fonte geradora primária de vetores na região."
"107","alto","Manejo Emergencial de Bromélias em Condomínios","Urgente! Condomínios com grandes jardins de bromélias em áreas de alto risco devem realizar a remoção imediata da água retida nas plantas com jatos ou larvicida biológico. A densidade de plantas ornamentais sem manejo está elevando os casos no prédio.","bromélias; condomínio; larvicida; emergência","Vegetação alta; Mosquito","Fiocruz","https://www.fiocruz.br","Jardins de condomínio residencial de luxo enfrentando surto severo de dengue entre os moradores. Risco alto. Centenas de bromélias de grande porte nas áreas comuns acumulando água da chuva no tanque central, infestadas por larvas. Clima quente e úmido. Ação corretiva emergencial direcionada ao paisagismo."
"108","alto","Ação Preventiva na Coleta de Lixo em Favela","Atenção moradores! Não acumulem lixo nos becos da comunidade durante o período de chuvas. Coloque os sacos de resíduos nos contêineres principais nos horários corretos para evitar o acúmulo de água parada e o avanço da dengue nas alamedas.","favela; becos; lixo; emergência","Lixo; Mosquito","Vigilância em Saúde","https://www.gov.br/saude/pt-br","Comunidade habitacional periférica densa com becos e vielas de difícil acesso para veículos de limpeza. Risco alto. Acúmulo de sacos de lixo e recipientes de plástico nas passagens de pedestres retenho água de chuva e esgoto superficial. Clima muito quente e abafado. Transmissão viral comunitária intensa."
"109","alto","Saneamento Urgente em Pátios de Veículos Apreendidos","Alerta sanitário governamental! Pátios de apreensão de veículos com milhares de carros expostos devem passar por aplicação intensiva de inseticida e cobertura total. As carcaças acumulando água de chuva são focos regionais da epidemia de arboviroses.","pátio público; apreensão; veículos; inseticida","Entulho; Mosquito","Ministério da Saúde","https://www.gov.br/saude/pt-br/assuntos/saude-de-a-a-z/d/dengue","Pátio público de retenção de veículos da polícia com mais de dois mil carros acidentados ao ar livre. Risco alto. Todos os veículos contendo água acumulada nos tetos, para-choques e compartimentos expostos à chuva. Clima abafado. Ponto crítico de dispersão de mosquitos em raio de quilômetros."
"110","alto","Atenção a Sintomas Graves e Busca de UPA","Se você ou sua família apresentarem febre alta, manchas vermelhas no corpo e dor atrás dos olhos, procure imediatamente a Unidade de Pronto Atendimento (UPA). Não tome remédios por conta própria, pois o uso de aspirina pode agravar sangramentos.","sintomas; upa; medicamentos; emergência","Mosquito","Secretaria Estadual de Saúde","https://www.saude.sp.gov.br","Região metropolitana vivenciando colapso na rede de atendimento devido ao pico da epidemia de dengue. Risco alto. Moradores infectados buscando automedicação em farmácias locais. Alta densidade do vetor nos bairros. Clima quente e úmido. Foco na orientação de conduta médica segura e alerta sobre medicamentos contraindicados."
"111","alto","Drenagem Urgente em Subsolos de Prédios Comerciais","Alerta para edifícios comerciais! Garagens e subsolos alagados por chuvas intensas devem acionar bombas de esgotamento imediatamente. O acúmulo de água limpa na escuridão desses pavimentos gera focos massivos de transmissão para trabalhadores do centro.","edifício comercial; subsolo; alagamento; esgotamento","Alagamento; Mosquito","Secretaria Municipal de Saúde","https://www.gov.br/saude/pt-br","Subsolo de grande centro empresarial alagado após tempestade tropical severa. Risco alto. Lâmina d'água estagnada cobrindo a área de estacionamento há mais de cinco dias sem drenagem adequada. Clima quente. Exposição de milhares de trabalhadores que circulam diariamente pelo prédio."
"112","alto","Descarte e Limpeza de Tambores em Comunidades","Urgente! Lave com escova e sabão todos os tambores e barris de armazenamento de água da sua casa. A fêmea do mosquito deposita ovos nas paredes dos recipientes que resistem por quase um ano. Vede totalmente os tonéis após a limpeza diária.","tambores; lavagem; vedação; ovos","Mosquito","Fiocruz","https://www.fiocruz.br","Bairro desprovido de rede regular de água potável dependente de caminhão-pipa. Risco alto. Moradores utilizando dezenas de tambores plásticos destampados nas áreas externas das moradias, totalmente infestados por ovos e larvas. Clima quente. Ação focada no manejo mecânico e sanitização da água armazenada."
"113","alto","Desobstrução Emergencial de Canaletas Urbanas","Ação pública emergencial! As canaletas e galerias pluviais das vias centrais precisam de desobstrução rápida antes das próximas chuvas. O represamento de água e lixo nas ruas aumenta a população de mosquitos e a transmissão da dengue no município.","galerias pluviais; drenagem urbana; chuva; emergência","Alagamento; Lixo; Mosquito","Organização Mundial da Saúde","https://www.who.int","Centro urbano comercial com galerias pluviais entupidas por resíduos sólidos de vendedores ambulantes. Risco alto. Água pluvial represada nas calçadas formando poças extensas e duradouras infestadas por larvas. Clima abafado pós-chuva. Perigo epidemiológico direto para comerciantes e pedestres."
"114","alto","Cuidados com Bebedouros e Pátios em Feiras de Animais","Urgente feirantes! Lave e higienize todos os bebedouros de animais e recipientes de água em feiras comunitárias. Em cenários de surto, locais de aglomeração de pessoas e animais devem manter vigilância sanitária rigorosa contra o vetor da dengue.","feira de animais; bebedouros; higienização; surto","Lixo; Mosquito","Vigilância em Saúde","https://www.gov.br/saude/pt-br","Espaço de feira semanal de venda de gado e pequenos animais na zona periurbana. Risco alto. Grande quantidade de cochos e vasilhas plásticas com água e fezes de animais gerando ambiente atrativo para insetos, com surto notificado na vizinhança. Clima abafado. Intervenção rápida exigida."
"115","alto","Aplicação de Larvicidas em Reservatórios Inacessíveis","Atenção! Em locais onde não é possível eliminar a água acumulada, como lajes grandes e fossos, solicite a aplicação de larvicida aos agentes de saúde. A ação impede que as larvas se transformem em mosquitos adultos transmissores de doenças.","larvicida; agentes de saúde; lajes; combate","Mosquito; Alagamento","Ministério da Saúde","https://www.gov.br/saude/pt-br/assuntos/saude-de-a-a-z/d/dengue","Complexo industrial desativado com grandes estruturas de concreto e lajes inacessíveis retendo milhares de litros de água da chuva. Risco alto. Inviabilidade de eliminação mecânica imediata exige a aplicação emergencial de larvicida biológico via agentes ambientais. Clima quente e úmido. Alto risco de contaminação regional."
"116","alto","Corte Emergencial de Vegetação em Vias Públicas","Urgente! Solicite o corte do mato alto nas margens de ruas e avenidas do seu bairro. A vegetação densa acumula latas, copos plásticos e sacos de lixo atirados por motoristas, criando focos invisíveis do mosquito da dengue nas vias urbanas.","mato alto; vias públicas; limpeza; lixo oculto","Vegetação alta; Lixo; Mosquito","Secretaria Estadual de Saúde","https://www.saude.sp.gov.br","Avenida periférica de grande tráfego cortando áreas habitacionais vulneráveis. Risco alto. Canteiro central e calçadas tomados por vegetação rasteira alta e densa que esconde milhares de pequenos recipientes plásticos acumulando água de chuva. Clima abafado. Exige intervenção de roçada e varrição intensiva."
"117","alto","Saneamento de Feiras Livres após o Expediente","Ação obrigatória! Limpeza total das feiras livres imediatamente após o encerramento das vendas. O descarte inadequado de coco verde, sacos plásticos e recipientes expostos à chuva cria criadouros massivos em poucas horas na sua cidade.","feira livre; coco verde; limpeza; resíduos","Lixo; Mosquito","Secretaria Municipal de Saúde","https://www.gov.br/saude/pt-br","Área de feira livre de grande porte especializada em produtos hortifrúti e consumo de água de coco. Risco alto. Cascas de coco acumuladas no chão retendo água e dezenas de embalagens de plástico espalhadas ao final do evento sob forte chuva. Clima quente. Perigo imediato de proliferação vetorial acelerada."
"118","alto","Ação Contra o Acúmulo de Lixo em Escolas","Urgente! Escolas públicas devem remover imediatamente entulhos e sacos de lixo acumulados nos pátios traseiros. Locais de permanência de crianças precisam ser mantidos 100% livres de vetores durante os períodos de surto de arboviroses na cidade.","escola; resíduos; segurança infantil; surto","Lixo; Entulho; Mosquito","Fiocruz","https://www.fiocruz.br","Pátio traseiro de escola estadual com entulho de carteiras quebradas e sacos de lixo estocados ao tempo. Risco alto. Presença de recipientes plásticos com água estagnada e mosquitos adultos voando nas proximidades das salas de aula. Clima muito quente pós-chuva. Risco sanitário grave para alunos e professores."
"119","alto","Vistoria Crítica em Parques e Áreas Verdes","Alerta de saúde em parques! Áreas recreativas municipais com acúmulo de lixo na vegetação e banheiros com vazamento devem ser saneadas com urgência. A alta frequência de público em locais infestados acelera a propagação do vírus da dengue na população.","parque público; áreas verdes; saneamento; surto","Vegetação alta; Lixo; Mosquito","Organização Mundial da Saúde","https://www.who.int","Parque urbano de lazer intensamente frequentado com área de mata fechada sob surto comunitário decretado. Risco alto. Descarte irregular de garrafas plásticas ao longo das trilhas ecológicas e vasos sanitários quebrados vazarão água no piso. Clima quente. Foco transmissivo amplificador para toda a cidade."
"120","alto","Ação Emergencial de Limpeza de Esgoto e Lixo","Urgente! Áreas com vazamento de esgoto misturado a lixo pluvial nas calçadas precisam de intervenção da companhia de saneamento imediatamente. O ambiente contaminado atrai vetores e coloca a saúde da comunidade em risco severo de arboviroses.","esgoto; vazamento; saneamento; urgência","Esgoto; Lixo; Mosquito","Vigilância em Saúde","https://www.gov.br/saude/pt-br","Cruzamento de vias em bairro de baixa renda com vazamento contínuo da rede de esgoto na calçada. Risco alto. Mistura de efluente sanitário com lixo doméstico e garrafas rasgadas no piso, apresentando alta infestação por vetores da dengue e moscas. Clima tropical quente e úmido. Situação epidemiológica extrema."